status	drivePath	id	mimeType	modifiedTime	driveSize	localPath	originalBytes	storedBytes	outputsStripped	validNotebookJson
ok	Distal_Rate_ERP_Summer2025/Data/Simulations_New.ipynb	1XIp-tweYZp0hyASJ3W6UFNKupxj-ZjFl	application/vnd.google.colaboratory	2025-09-16T19:35:38.592Z	14611	distal_rate_erp_summer2025/Data/Simulations_New.ipynb	14611	14058	true	true
ok	Distal_Rate_ERP_Summer2025/Data/Simulations.ipynb	1LZyvuCGLBHamsSdx1qFMOuQC30iXUqPZ	application/vnd.google.colaboratory	2025-08-08T15:06:48.243Z	12638	distal_rate_erp_summer2025/Data/Simulations.ipynb	12638	12942	true	true
ok	Distal_Rate_ERP_Summer2025/Data/SpeechRate2025/Bad_Channels_13_19.ipynb	1wBkddP1xCaE1QgNdyyf5WmoSlF9Qo6uR	application/vnd.google.colaboratory	2025-07-22T02:27:48.414Z	5218543	distal_rate_erp_summer2025/Data/SpeechRate2025/Bad_Channels_13_19.ipynb	5218543	35940	true	true
ok	Distal_Rate_ERP_Summer2025/Data/SpeechRate2025/Drafts/khanh_6_6.ipynb	1Rdh7qUFCw9lDptwat2wrOaXxZNPGtZkX	application/vnd.google.colaboratory	2025-06-11T13:10:01.888Z	43621	distal_rate_erp_summer2025/Data/SpeechRate2025/Drafts/khanh_6_6.ipynb	43621	9254	true	true
ok	Distal_Rate_ERP_Summer2025/Data/SpeechRate2025/Drafts/latest_6_6.ipynb	1s3yRDnYv3qll4oJzQxRNquNIUwgkOFy2	application/vnd.google.colaboratory	2025-06-11T14:13:02.943Z	869665	distal_rate_erp_summer2025/Data/SpeechRate2025/Drafts/latest_6_6.ipynb	869665	13714	true	true
ok	Distal_Rate_ERP_Summer2025/Data/SpeechRate2025/Drafts/stimuli.ipynb	137SeZiHIPd4NXBYVPppN2QPLG5DpXT4b	application/vnd.google.colaboratory	2025-07-31T15:05:21.455Z	16062129	distal_rate_erp_summer2025/Data/SpeechRate2025/Drafts/stimuli.ipynb	16062129	12299	true	true
ok	Distal_Rate_ERP_Summer2025/Data/SpeechRate2025/EEGData/3/s_3	1Y7Gq71VII05e8Py0YIvZi7foh5KeAW2d	application/vnd.google.colaboratory	2025-07-17T01:46:52.000Z	292770	distal_rate_erp_summer2025/Data/SpeechRate2025/EEGData/3/s_3.ipynb	292770	17435	true	true
ok	Distal_Rate_ERP_Summer2025/Data/SpeechRate2025/Envelope_Analysis/Envelope_Analysis.ipynb	1P4wzxos4TfZDL9EBffvy6DW3gElnjHf9	application/vnd.google.colaboratory	2025-06-11T17:34:10.033Z	10732	distal_rate_erp_summer2025/Data/SpeechRate2025/Envelope_Analysis/Envelope_Analysis.ipynb	10732	10595	true	true
ok	Distal_Rate_ERP_Summer2025/Data/SpeechRate2025/Envelope_Analysis/Improved_Version_of_Morlet_Envelope_Analysis.ipynb	10IKPEofiIHF3BkWcuGFNQqzhsIC31NGC	application/json	2025-06-11T19:49:10.901Z	15277921	distal_rate_erp_summer2025/Data/SpeechRate2025/Envelope_Analysis/Improved_Version_of_Morlet_Envelope_Analysis.ipynb	15277921	4807	true	true
ok	Distal_Rate_ERP_Summer2025/Data/SpeechRate2025/Envelope_Analysis/Morlet_Envelope_Analysis.ipynb	1gDeMRFKidYP6m3gkYoqWcscTQew12eJg	application/vnd.google.colaboratory	2025-06-11T19:39:24.622Z	56472249	distal_rate_erp_summer2025/Data/SpeechRate2025/Envelope_Analysis/Morlet_Envelope_Analysis.ipynb	56472249	20530	true	true
ok	Distal_Rate_ERP_Summer2025/Data/SpeechRate2025/ERPs_Analysis/Artifacts Removal/ASR.ipynb	1SpmHERUZnD2_6bvMeLYmB0sd8JG_Ca3L	application/vnd.google.colaboratory	2025-06-12T16:04:38.974Z	20420	distal_rate_erp_summer2025/Data/SpeechRate2025/ERPs_Analysis/Artifacts_Removal/ASR.ipynb	20420	20102	true	true
ok	Distal_Rate_ERP_Summer2025/Data/SpeechRate2025/ERPs_Analysis/Artifacts Removal/ICA.ipynb	1WcIi6CYMjyNzxexYBEIcwWc4QTBNf3hb	application/vnd.google.colaboratory	2025-06-18T14:15:46.905Z	95308	distal_rate_erp_summer2025/Data/SpeechRate2025/ERPs_Analysis/Artifacts_Removal/ICA.ipynb	95308	17743	true	true
ok	Distal_Rate_ERP_Summer2025/Data/SpeechRate2025/ERPs_Analysis/Artifacts Removal/Notebooks for subjects 20+/6_11_artifacts.ipynb	1sGUJXiJDTNcFsX4u4-0sbB0hwx-7Lc5N	application/vnd.google.colaboratory	2025-06-13T03:32:13.630Z	102019	distal_rate_erp_summer2025/Data/SpeechRate2025/ERPs_Analysis/Artifacts_Removal/Notebooks_for_subjects_20/6_11_artifacts.ipynb	102019	8800	true	true
ok	Distal_Rate_ERP_Summer2025/Data/SpeechRate2025/ERPs_Analysis/Artifacts Removal/Notebooks for subjects 20+/6_12_Khanh.ipynb	1QgIp0AKMATM1m1nWdPoty80aoG0oDFA2	application/vnd.google.colaboratory	2025-06-13T18:45:53.938Z	7921	distal_rate_erp_summer2025/Data/SpeechRate2025/ERPs_Analysis/Artifacts_Removal/Notebooks_for_subjects_20/6_12_Khanh.ipynb	7921	7574	true	true
ok	Distal_Rate_ERP_Summer2025/Data/SpeechRate2025/ERPs_Analysis/Artifacts Removal/Notebooks for subjects 20+/ICA_21_22.ipynb	1eLV98Vp3gMwBKGo7nZBdzF7BXHiW948d	application/vnd.google.colaboratory	2025-06-27T06:06:01.706Z	712559	distal_rate_erp_summer2025/Data/SpeechRate2025/ERPs_Analysis/Artifacts_Removal/Notebooks_for_subjects_20/ICA_21_22.ipynb	712559	27024	true	true
ok	Distal_Rate_ERP_Summer2025/Data/SpeechRate2025/ERPs_Analysis/Artifacts Removal/Notebooks for subjects 20+/ICA_25.ipynb	1IHiavQmbkshCWf4E8XKNTOKSjraGaXkg	application/vnd.google.colaboratory	2025-06-27T07:28:38.296Z	333155	distal_rate_erp_summer2025/Data/SpeechRate2025/ERPs_Analysis/Artifacts_Removal/Notebooks_for_subjects_20/ICA_25.ipynb	333155	26540	true	true
ok	Distal_Rate_ERP_Summer2025/Data/SpeechRate2025/ERPs_Analysis/Artifacts Removal/Notebooks for subjects 20+/ICA_26.ipynb	1theoSvnMXztFxqykB4tSp3FSB-02CGbX	application/vnd.google.colaboratory	2025-06-27T06:18:28.708Z	1127333	distal_rate_erp_summer2025/Data/SpeechRate2025/ERPs_Analysis/Artifacts_Removal/Notebooks_for_subjects_20/ICA_26.ipynb	1127333	26563	true	true
ok	Distal_Rate_ERP_Summer2025/Data/SpeechRate2025/ERPs_Analysis/Artifacts Removal/Notebooks for subjects 20+/ICA_27.ipynb	1j-nH1e2gG0y5K2Yd3A9MUUu0FHLSx_Hi	application/vnd.google.colaboratory	2025-06-27T08:21:45.322Z	328181	distal_rate_erp_summer2025/Data/SpeechRate2025/ERPs_Analysis/Artifacts_Removal/Notebooks_for_subjects_20/ICA_27.ipynb	328181	26650	true	true
ok	Distal_Rate_ERP_Summer2025/Data/SpeechRate2025/ERPs_Analysis/Artifacts Removal/Notebooks for subjects 20+/ICA_experiment.ipynb	1AN3ddI7k5wtuaABF34OxlPELKpBBj5A6	application/vnd.google.colaboratory	2025-06-25T19:31:32.712Z	34121824	distal_rate_erp_summer2025/Data/SpeechRate2025/ERPs_Analysis/Artifacts_Removal/Notebooks_for_subjects_20/ICA_experiment.ipynb	34121824	65755	true	true
ok	Distal_Rate_ERP_Summer2025/Data/SpeechRate2025/ERPs_Analysis/Artifacts Removal/Notebooks for subjects 20+/ICA_pipeline.ipynb	1pwqp3Af0Pfn_dcXy6cYqb0gz4CLuTRa2	application/vnd.google.colaboratory	2025-06-27T05:13:58.059Z	44715	distal_rate_erp_summer2025/Data/SpeechRate2025/ERPs_Analysis/Artifacts_Removal/Notebooks_for_subjects_20/ICA_pipeline.ipynb	44715	22579	true	true
ok	Distal_Rate_ERP_Summer2025/Data/SpeechRate2025/ERPs_Analysis/Check_Same_Session.ipynb	1UWpbMAgsUd_Sm2JJxlmtZKnYtMVNdsRa	application/vnd.google.colaboratory	2025-06-26T21:07:21.089Z	7081	distal_rate_erp_summer2025/Data/SpeechRate2025/ERPs_Analysis/Check_Same_Session.ipynb	7081	3703	true	true
ok	Distal_Rate_ERP_Summer2025/Data/SpeechRate2025/ERPs_Analysis/Copy of New_ERP_Analysis.ipynb	15fnBSSUGxarOolbZTVWKg_p6-SNNn79y	application/vnd.google.colaboratory	2025-06-13T14:22:23.592Z	5861	distal_rate_erp_summer2025/Data/SpeechRate2025/ERPs_Analysis/Copy_of_New_ERP_Analysis.ipynb	5861	6758	true	true
ok	Distal_Rate_ERP_Summer2025/Data/SpeechRate2025/ERPs_Analysis/New_ERP_Analysis.ipynb	1WxVMtLu1mNetK3mOi5UFFkrqzAX6HJ-p	application/vnd.google.colaboratory	2025-06-20T17:48:45.717Z	22031	distal_rate_erp_summer2025/Data/SpeechRate2025/ERPs_Analysis/New_ERP_Analysis.ipynb	22031	6724	true	true
ok	Distal_Rate_ERP_Summer2025/Data/SpeechRate2025/ERPs_Analysis/Onset Correction/Onset_Correction.ipynb	1e34_O7q0UE2LLIFAJoTuh19Bml9GDYFL	application/vnd.google.colaboratory	2025-06-12T15:58:37.070Z	3562	distal_rate_erp_summer2025/Data/SpeechRate2025/ERPs_Analysis/Onset_Correction/Onset_Correction.ipynb	3562	2362	true	true
ok	Distal_Rate_ERP_Summer2025/Data/SR003/Converting_raw_to_set.ipynb	1JQxL0ObSlajLWYT2hW084qCrrf1Oa1Qf	application/vnd.google.colaboratory	2025-06-06T12:50:16.904Z	1254	distal_rate_erp_summer2025/Data/SR003/Converting_raw_to_set.ipynb	1254	1529	false	true
ok	Distal_Rate_ERP_Summer2025/Data/SR003/toDo6-2.ipynb	1A5EhcLhbvjFKW0K-UABVz_03c670Xj0z	application/json	2025-06-10T18:30:43.450Z	16828	distal_rate_erp_summer2025/Data/SR003/toDo6-2.ipynb	16828	10115	true	true
ok	Distal_Rate_ERP_Summer2025/Data/SR006/SR006_Plots.ipynb	1mLXHOWQyAyL2yDnJGJ-XPp5Zjlh4vZG1	application/vnd.google.colaboratory	2025-06-06T12:50:16.989Z	6499	distal_rate_erp_summer2025/Data/SR006/SR006_Plots.ipynb	6499	3446	true	true
ok	Distal_Rate_ERP_Summer2025/Data/Stimuli/Broadband_Envelope.ipynb	1zm42HrGZSKHuRxhM02LfMSp_HFlrbPbl	application/vnd.google.colaboratory	2025-06-09T19:52:40.369Z	238461	distal_rate_erp_summer2025/Data/Stimuli/Broadband_Envelope.ipynb	238461	5932	true	true
ok	Distal_Rate_ERP_Summer2025/Data/Stimuli/SR003_Plots.ipynb	1lnIQFHLlazLYoi1HexzGCPbhDAmvwm-w	application/vnd.google.colaboratory	2025-06-09T16:21:30.099Z	240217	distal_rate_erp_summer2025/Data/Stimuli/SR003_Plots.ipynb	240217	6579	true	true
ok	Research/2025_Summer (Distal Speech Rate)/Bayesian/EEG.ipynb	1v7ppuF7saemu1owIK-ztGTUaOzC7w4-k	application/vnd.google.colaboratory	2025-07-06T20:37:42.246Z	112688	research_2025_summer_distal_speech_rate/Bayesian/EEG.ipynb	112688	49834	true	true
ok	Research/2025_Summer (Distal Speech Rate)/Bayesian/Real EEG Simulation.ipynb	1JR__2rXkVozl58-qNfRVxMQEpqlk0Uph	application/vnd.google.colaboratory	2025-07-06T23:37:07.831Z	153444	research_2025_summer_distal_speech_rate/Bayesian/Real_EEG_Simulation.ipynb	153444	12161	true	true
ok	Research/2025_Summer (Distal Speech Rate)/Bayesian/Simulations_7_25.ipynb	1l5oNe7ct_1n84IgM3JqKpJJCiM3whsWT	application/vnd.google.colaboratory	2025-07-29T02:45:00.260Z	33065	research_2025_summer_distal_speech_rate/Bayesian/Simulations_7_25.ipynb	33065	32094	true	true
ok	Research/2025_Summer (Distal Speech Rate)/Bayesian/Sticky-HDP-HMM.ipynb	1wRzOkuSTcVDkba1Fu911JZ3t-YwbM0QS	application/vnd.google.colaboratory	2025-07-07T00:29:47.372Z	183477	research_2025_summer_distal_speech_rate/Bayesian/Sticky-HDP-HMM.ipynb	183477	16085	true	true
ok	Research/2025_Summer (Distal Speech Rate)/Bayesian/synthetic data.ipynb	1chKvdb2TMBnGBc3AqY0MTVBLnAVjuLzD	application/vnd.google.colaboratory	2025-06-25T18:09:21.896Z	51835	research_2025_summer_distal_speech_rate/Bayesian/synthetic_data.ipynb	51835	4996	true	true
ok	Research/2025_Summer (Distal Speech Rate)/Project_Code/🌟 FINAL 🌟/Annotate.ipynb	1NK8JpxLGr_XfJ2X9F2-9whY7u-L3c1mz	application/vnd.google.colaboratory	2025-06-25T14:26:08.844Z	684618	research_2025_summer_distal_speech_rate/Project_Code/FINAL/Annotate.ipynb	684618	8807	true	true
ok	Research/2025_Summer (Distal Speech Rate)/Project_Code/🌟 FINAL 🌟/Artifacts Rejection.ipynb	12JsEaZxeUL21yyjP3h_QvOjUl_Ql8M2R	application/vnd.google.colaboratory	2025-06-27T14:15:19.054Z	91040	research_2025_summer_distal_speech_rate/Project_Code/FINAL/Artifacts_Rejection.ipynb	91040	5708	true	true
ok	Research/2025_Summer (Distal Speech Rate)/Project_Code/🌟 FINAL 🌟/Average ERP.ipynb	1ApVHvVtdlUqHXk_edFKOQeKS1WCVzZ58	application/vnd.google.colaboratory	2025-06-30T20:11:37.262Z	1382362	research_2025_summer_distal_speech_rate/Project_Code/FINAL/Average_ERP.ipynb	1382362	24472	true	true
ok	Research/2025_Summer (Distal Speech Rate)/Project_Code/🌟 FINAL 🌟/Bad_channels.ipynb	1yDxdHN8nsDhI-zLF5sT5-_lV6ePF7AuP	application/vnd.google.colaboratory	2025-06-25T19:14:38.928Z	59985	research_2025_summer_distal_speech_rate/Project_Code/FINAL/Bad_channels.ipynb	59985	31872	true	true
ok	Research/2025_Summer (Distal Speech Rate)/Project_Code/🌟 FINAL 🌟/Create Epochs.ipynb	1IevW2P3knvBOkfSSNLove5mpk-PuTEVO	application/vnd.google.colaboratory	2025-06-26T20:33:02.152Z	905049	research_2025_summer_distal_speech_rate/Project_Code/FINAL/Create_Epochs.ipynb	905049	5040	true	true
ok	Research/2025_Summer (Distal Speech Rate)/Project_Code/🌟 FINAL 🌟/Filtering.ipynb	1OBMGKTp63beNcSfcDjOoKtMQ-znRpkHj	application/vnd.google.colaboratory	2025-06-27T17:20:34.988Z	55717	research_2025_summer_distal_speech_rate/Project_Code/FINAL/Filtering.ipynb	55717	2868	true	true
ok	Research/2025_Summer (Distal Speech Rate)/Project_Code/🌟 FINAL 🌟/Final	1C06XFEssAbajmwIr3nY3pnu5fIXP9Os2	application/vnd.google.colaboratory	2025-06-27T20:03:09.528Z	105995	research_2025_summer_distal_speech_rate/Project_Code/FINAL/Final.ipynb	105995	44187	true	true
ok	Research/2025_Summer (Distal Speech Rate)/Project_Code/🌟 FINAL 🌟/ICA Removal.ipynb	1YnmM7TgVEnzwpnywgyr1NmCe0ZNfl0nU	application/vnd.google.colaboratory	2025-06-27T17:20:35.241Z	12949	research_2025_summer_distal_speech_rate/Project_Code/FINAL/ICA_Removal.ipynb	12949	4527	true	true
ok	Research/2025_Summer (Distal Speech Rate)/Project_Code/🌟 FINAL 🌟/ICA.ipynb	1Ir4YgQvAoPybkdc-XoZU7sVCDRgeerm7	application/vnd.google.colaboratory	2025-06-26T22:18:32.142Z	60567	research_2025_summer_distal_speech_rate/Project_Code/FINAL/ICA.ipynb	60567	13097	true	true
ok	Research/2025_Summer (Distal Speech Rate)/Project_Code/🌟 FINAL 🌟/Re-reference (LM/RM).ipynb	1gav2ItQaRn6oStflMArqEnSDkSe8E1pq	application/vnd.google.colaboratory	2025-06-26T20:22:27.198Z	12594	research_2025_summer_distal_speech_rate/Project_Code/FINAL/Re-reference_LM/RM_.ipynb	12594	4383	true	true
ok	Research/2025_Summer (Distal Speech Rate)/Project_Code/🌟 FINAL 🌟/Untitled0.ipynb	1yXds7eEgDtgUq7M3xLQR47x3XK73dPgY	application/vnd.google.colaboratory	2025-06-27T00:48:48.399Z	529	research_2025_summer_distal_speech_rate/Project_Code/FINAL/Untitled0.ipynb	529	688	false	true
ok	Research/2025_Summer (Distal Speech Rate)/Project_Code/Another copy of ICA.ipynb	1IDoHrcjWcf_Wa0EXvjjLEHR4MjD3-p6e	application/vnd.google.colaboratory	2025-06-19T20:06:24.422Z	12593	research_2025_summer_distal_speech_rate/Project_Code/Another_copy_of_ICA.ipynb	12593	14498	true	true
ok	Research/2025_Summer (Distal Speech Rate)/Project_Code/Combined_ICA.ipynb	1IFROhs40V-6Dmtx6AGib3ZeJ8GuNHVfv	application/vnd.google.colaboratory	2025-06-25T18:31:40.740Z	75038	research_2025_summer_distal_speech_rate/Project_Code/Combined_ICA.ipynb	75038	17641	true	true
ok	Research/2025_Summer (Distal Speech Rate)/Project_Code/Copy of ICA_Inspection.ipynb	1f32vegouku19hKHxL-_1STNCLhudRunf	application/json	2025-06-16T15:26:08.334Z	15931742	research_2025_summer_distal_speech_rate/Project_Code/Copy_of_ICA_Inspection.ipynb	15931742	19837	true	true
ok	Research/2025_Summer (Distal Speech Rate)/Project_Code/Copy of ICA.ipynb	1OoER0yXADOpv_vKqhnhQBJIlrQWVOST6	application/json	2025-06-19T20:28:36.791Z	112466	research_2025_summer_distal_speech_rate/Project_Code/Copy_of_ICA.ipynb	112466	25710	true	true
ok	Research/2025_Summer (Distal Speech Rate)/Project_Code/Drafts/Copy of latest_6_6.ipynb	1y7KyWJGdJpatyhyqTchbtWlBhZvUYR26	application/octet-stream	2025-06-12T18:49:42.000Z	4632	research_2025_summer_distal_speech_rate/Project_Code/Drafts/Copy_of_latest_6_6.ipynb	4632	5005	true	true
ok	Research/2025_Summer (Distal Speech Rate)/Project_Code/Drafts/khanh_6_6.ipynb	1W9yYhUHT-XmQyh19oMh8nb6-6MeO0Nyp	application/octet-stream	2025-06-11T13:10:01.000Z	43621	research_2025_summer_distal_speech_rate/Project_Code/Drafts/khanh_6_6.ipynb	43621	9254	true	true
ok	Research/2025_Summer (Distal Speech Rate)/Project_Code/Drafts/latest_6_6.ipynb	17ysktdm83rWJZaQKmzrgtQPLV_Uap3XU	application/octet-stream	2025-06-11T14:13:02.000Z	869665	research_2025_summer_distal_speech_rate/Project_Code/Drafts/latest_6_6.ipynb	869665	13714	true	true
ok	Research/2025_Summer (Distal Speech Rate)/Project_Code/Drafts/stimuli.ipynb	1aRCaHtFD7YwAIhsUQaIKJAt6bVxOtDcx	application/octet-stream	2025-06-11T17:34:54.000Z	81785	research_2025_summer_distal_speech_rate/Project_Code/Drafts/stimuli.ipynb	81785	8834	true	true
ok	Research/2025_Summer (Distal Speech Rate)/Project_Code/Envelope_Analysis/Envelope_Analysis.ipynb	17dUs-UmHLePwQY6VAbRgro_9e4_1DKEH	application/octet-stream	2025-06-11T17:34:10.000Z	10732	research_2025_summer_distal_speech_rate/Project_Code/Envelope_Analysis/Envelope_Analysis.ipynb	10732	10595	true	true
ok	Research/2025_Summer (Distal Speech Rate)/Project_Code/Envelope_Analysis/Improved_Version_of_Morlet_Envelope_Analysis.ipynb	15x1_k2tpxji4H9bhE5N-cCtQU5rNkSwV	application/octet-stream	2025-06-11T19:49:10.000Z	15277921	research_2025_summer_distal_speech_rate/Project_Code/Envelope_Analysis/Improved_Version_of_Morlet_Envelope_Analysis.ipynb	15277921	4807	true	true
ok	Research/2025_Summer (Distal Speech Rate)/Project_Code/Envelope_Analysis/Morlet_Envelope_Analysis.ipynb	12QljShtmkU2qrcDAZIB5C2BMpGW-fWb3	application/octet-stream	2025-06-11T19:39:24.000Z	56472249	research_2025_summer_distal_speech_rate/Project_Code/Envelope_Analysis/Morlet_Envelope_Analysis.ipynb	56472249	20530	true	true
ok	Research/2025_Summer (Distal Speech Rate)/Project_Code/ERPs_Analysis/6_12_Khanh.ipynb	1-klekny4ikYBxh6GyVOa6HkIMON9OpVd	application/octet-stream	2025-06-13T13:58:23.000Z	1148258	research_2025_summer_distal_speech_rate/Project_Code/ERPs_Analysis/6_12_Khanh.ipynb	1148258	7194	true	true
ok	Research/2025_Summer (Distal Speech Rate)/Project_Code/ERPs_Analysis/Artifacts Removal/6_11_artifacts.ipynb	1qIxF1zgflgYgT6Zuv7WN-Qac6Kqd-6fP	application/octet-stream	2025-06-13T03:32:13.000Z	102019	research_2025_summer_distal_speech_rate/Project_Code/ERPs_Analysis/Artifacts_Removal/6_11_artifacts.ipynb	102019	8800	true	true
ok	Research/2025_Summer (Distal Speech Rate)/Project_Code/ERPs_Analysis/Artifacts Removal/ASR.ipynb	1WMvRjTOMVHERWWGMXPkU4yHUAAPFkIC7	application/octet-stream	2025-06-12T16:04:38.000Z	20420	research_2025_summer_distal_speech_rate/Project_Code/ERPs_Analysis/Artifacts_Removal/ASR.ipynb	20420	20102	true	true
ok	Research/2025_Summer (Distal Speech Rate)/Project_Code/ERPs_Analysis/Artifacts Removal/ICA.ipynb	1hcGxQ356c1NvTc-jLtjLCBPUoWWwI-0W	application/octet-stream	2025-06-12T18:22:36.000Z	95606	research_2025_summer_distal_speech_rate/Project_Code/ERPs_Analysis/Artifacts_Removal/ICA.ipynb	95606	18193	true	true
ok	Research/2025_Summer (Distal Speech Rate)/Project_Code/ERPs_Analysis/Copy of New_ERP_Analysis.ipynb	11JHKjUjNCMUCe3bNiEvN3ErGxLIUz1mY	application/octet-stream	2025-06-13T14:22:23.000Z	5861	research_2025_summer_distal_speech_rate/Project_Code/ERPs_Analysis/Copy_of_New_ERP_Analysis.ipynb	5861	6758	true	true
ok	Research/2025_Summer (Distal Speech Rate)/Project_Code/ERPs_Analysis/New_ERP_Analysis.ipynb	1JX4EoFhfq_vzOHGf4oUNgj3CcjKeQMD5	application/octet-stream	2025-06-12T21:39:44.000Z	22025	research_2025_summer_distal_speech_rate/Project_Code/ERPs_Analysis/New_ERP_Analysis.ipynb	22025	6724	true	true
ok	Research/2025_Summer (Distal Speech Rate)/Project_Code/ERPs_Analysis/Onset Correction/Onset_Correction.ipynb	1up2ynVjMpMFix3I8bveIHpckzDAh0Yq4	application/octet-stream	2025-06-12T15:58:37.000Z	3562	research_2025_summer_distal_speech_rate/Project_Code/ERPs_Analysis/Onset_Correction/Onset_Correction.ipynb	3562	2362	true	true
ok	Research/2025_Summer (Distal Speech Rate)/Project_Code/FINAL 0.1/3sd.ipynb	1E8SjpELsXP8-6PYa2s4WSiO-e-lnAMBF	application/vnd.google.colaboratory	2025-07-03T15:00:41.727Z	88005	research_2025_summer_distal_speech_rate/Project_Code/FINAL_0.1/3sd.ipynb	88005	17749	true	true
ok	Research/2025_Summer (Distal Speech Rate)/Project_Code/FINAL 0.1/5 sd 	1aSkkOaZzS1yTmuaYN7h2GVZ7HPXWeq-k	application/vnd.google.colaboratory	2025-07-03T15:53:34.872Z	895860	research_2025_summer_distal_speech_rate/Project_Code/FINAL_0.1/5_sd.ipynb	895860	28387	true	true
ok	Research/2025_Summer (Distal Speech Rate)/Project_Code/FINAL 0.1/Copy of Final 0.1 FILTERING	1_5_Z_kv4sdOmWr2qZHZPc-bYGe0LChzs	application/vnd.google.colaboratory	2025-07-02T16:04:49.357Z	75451	research_2025_summer_distal_speech_rate/Project_Code/FINAL_0.1/Copy_of_Final_0.1_FILTERING.ipynb	75451	45991	true	true
ok	Research/2025_Summer (Distal Speech Rate)/Project_Code/FINAL 0.1/ERP-analysis.ipynb	1HvHD4fm2Jr2wvN-FPub-dEwCZMR2i5Ru	application/vnd.google.colaboratory	2025-08-04T22:48:03.344Z	2663883	research_2025_summer_distal_speech_rate/Project_Code/FINAL_0.1/ERP-analysis.ipynb	2663883	55796	true	true
ok	Research/2025_Summer (Distal Speech Rate)/Project_Code/FINAL 0.1/Final 0.1 FILTERING	1WR4RKtusDmRTuusCFn8ahIBjKiFdMWzo	application/vnd.google.colaboratory	2025-08-04T22:44:43.985Z	2663521	research_2025_summer_distal_speech_rate/Project_Code/FINAL_0.1/Final_0.1_FILTERING.ipynb	2663521	55588	true	true
ok	Research/2025_Summer (Distal Speech Rate)/Project_Code/FINAL 0.1/Untitled0.ipynb	1FgzvcexRyJQnpey7Vce_qvb7gbf94pWf	application/vnd.google.colaboratory	2025-07-03T14:36:06.725Z	1640120	research_2025_summer_distal_speech_rate/Project_Code/FINAL_0.1/Untitled0.ipynb	1640120	61207	true	true
ok	Research/2025_Summer (Distal Speech Rate)/Project_Code/ICA_Inspection.ipynb	15HUfyzbgkJavIFSoKaucYlLmAmj5TkOm	application/json	2025-06-13T21:56:37.572Z	25432	research_2025_summer_distal_speech_rate/Project_Code/ICA_Inspection.ipynb	25432	8470	true	true
ok	Research/2025_Summer (Distal Speech Rate)/Project_Code/ICA.ipynb	1Y_NgeuRhMsFPqBnuBnA2uAwPW92uGPW6	application/json	2025-06-18T18:47:03.947Z	92785025	research_2025_summer_distal_speech_rate/Project_Code/ICA.ipynb	92785025	30178	true	true
ok	Research/2025_Summer (Distal Speech Rate)/Project_Code/NATALI/Audio.ipynb	1B1Lo0VtCyyMjkkBVzuKKIxxwaRHeWRRM	application/vnd.google.colaboratory	2025-07-11T11:40:51.542Z	344085	research_2025_summer_distal_speech_rate/Project_Code/NATALI/Audio.ipynb	344085	39460	true	true
ok	Research/2025_Summer (Distal Speech Rate)/Project_Code/NATALI/Copy of Ml.ipynb	1r476MqA1dBp-QhqNTEH51Zss35hHjcl_	application/vnd.google.colaboratory	2025-07-29T18:39:48.247Z	404801	research_2025_summer_distal_speech_rate/Project_Code/NATALI/Copy_of_Ml.ipynb	404801	70128	true	true
ok	Research/2025_Summer (Distal Speech Rate)/Project_Code/NATALI/LatestVersion.ipynb	1GlcsSwrqeXeH5MOO2Kx4uwaDWABvdy7P	application/vnd.google.colaboratory	2025-07-23T15:40:44.470Z	550854	research_2025_summer_distal_speech_rate/Project_Code/NATALI/LatestVersion.ipynb	550854	65722	true	true
ok	Research/2025_Summer (Distal Speech Rate)/Project_Code/NATALI/ML_perception_prediction.ipynb	11cDdlV8rVbOIV9JpiMCzAhBe25zUFe2N	application/vnd.google.colaboratory	2025-08-11T14:25:09.111Z	1270221	research_2025_summer_distal_speech_rate/Project_Code/NATALI/ML_perception_prediction.ipynb	1270221	82389	true	true
ok	Research/2025_Summer (Distal Speech Rate)/Project_Code/NATALI/mTRF.ipynb	1aDHEFe3UwirvawFRVH0nWsg5n_Lsg2Xg	application/vnd.google.colaboratory	2025-07-31T16:42:07.887Z	1932353	research_2025_summer_distal_speech_rate/Project_Code/NATALI/mTRF.ipynb	1932353	9178	true	true
ok	Research/2025_Summer (Distal Speech Rate)/Project_Code/NATALI/Time-Frequency Decomposition.ipynb	1sPxY0JZ0vhj65-OkT5RFkS079ilY12-Y	application/vnd.google.colaboratory	2025-08-04T23:12:32.893Z	65349	research_2025_summer_distal_speech_rate/Project_Code/NATALI/Time-Frequency_Decomposition.ipynb	65349	17229	true	true
ok	Research/2025_Summer (Distal Speech Rate)/Project_Code/NATALI/Untitled0.ipynb	1T1c4QDPPfdjs2tUty2k1m1eiGI7nY2l7	application/vnd.google.colaboratory	2025-07-18T14:18:06.730Z	304187	research_2025_summer_distal_speech_rate/Project_Code/NATALI/Untitled0.ipynb	304187	45714	true	true
ok	Research/2025_Summer (Distal Speech Rate)/Project_Code/reference	1AHj_HkbeetapN2uSXeFYY9E_r2Hp2DkG	application/vnd.google.colaboratory	2025-06-12T19:01:42.444Z	36814	research_2025_summer_distal_speech_rate/Project_Code/reference.ipynb	36814	10460	true	true
ok	Research/2025_Summer (Distal Speech Rate)/Project_Code/Stimuli/Broadband_Envelope.ipynb	1VyrVF6OcQbF6YlbC0C9-9kvk2RE4SPuf	application/octet-stream	2025-06-13T17:06:17.000Z	238461	research_2025_summer_distal_speech_rate/Project_Code/Stimuli/Broadband_Envelope.ipynb	238461	5932	true	true
ok	Research/2025_Summer (Distal Speech Rate)/Project_Code/Stimuli/SR003_Plots.ipynb	1iWh6ABgruCaoWNbQGT33YDpyeC_pcJPQ	application/octet-stream	2025-06-13T17:06:17.000Z	240217	research_2025_summer_distal_speech_rate/Project_Code/Stimuli/SR003_Plots.ipynb	240217	6579	true	true
ok	Research/2025_Summer (Distal Speech Rate)/SIMULATIONS/1_PAC.ipynb	1Jj4xBx_i5QQRu5hzwMvQxUn2UOXJKhUa	application/vnd.google.colaboratory	2025-07-07T23:13:03.631Z	814357	research_2025_summer_distal_speech_rate/SIMULATIONS/1_PAC.ipynb	814357	23535	true	true
ok	Research/2025_Summer (Distal Speech Rate)/SIMULATIONS/3_PAC.ipynb	1cVpEdlkdGIX_pyuZ630tqEzWKCXdagmP	application/vnd.google.colaboratory	2025-07-09T20:00:51.321Z	287363	research_2025_summer_distal_speech_rate/SIMULATIONS/3_PAC.ipynb	287363	18059	true	true
ok	Research/2025_Summer (Distal Speech Rate)/SIMULATIONS/4_PAC.ipynb	1U-dArhZRREQmEHyPLyBf7xRdlmkLrslA	application/vnd.google.colaboratory	2025-07-17T05:55:53.947Z	248115	research_2025_summer_distal_speech_rate/SIMULATIONS/4_PAC.ipynb	248115	19666	true	true
ok	Research/2025_Summer (Distal Speech Rate)/SIMULATIONS/5_PAC.ipynb	1D-12lym2x1jQdRKi06scmd_9zcyN86oP	application/vnd.google.colaboratory	2025-07-17T05:54:04.388Z	306692	research_2025_summer_distal_speech_rate/SIMULATIONS/5_PAC.ipynb	306692	18253	true	true
ok	Research/2025_Summer (Distal Speech Rate)/SIMULATIONS/AAC.ipynb	1NXqICbwVdTPSR2-ULD0Kj3xNiF77xHj9	application/vnd.google.colaboratory	2025-07-07T14:46:25.998Z	334463	research_2025_summer_distal_speech_rate/SIMULATIONS/AAC.ipynb	334463	10900	true	true
ok	Research/2025_Summer (Distal Speech Rate)/SIMULATIONS/mTRF Simulations.ipynb	1TRNixw73NbfhBEA7GeFxwhIUpPY-8sad	application/vnd.google.colaboratory	2025-07-02T18:47:27.386Z	1730188	research_2025_summer_distal_speech_rate/SIMULATIONS/mTRF_Simulations.ipynb	1730188	25657	true	true
ok	Research/2025_Summer (Distal Speech Rate)/SIMULATIONS/New PAC.ipynb	1e_BWw2gBeIgp4FBBMxCq_NTgqQx4RWuv	application/vnd.google.colaboratory	2025-07-07T23:38:44.418Z	456542	research_2025_summer_distal_speech_rate/SIMULATIONS/New_PAC.ipynb	456542	17461	true	true
ok	Research/2025_Summer (Distal Speech Rate)/SIMULATIONS/PPC.ipynb	19fBYfw3toOcSVNiFkurhtUNaTDAnfO3x	application/vnd.google.colaboratory	2025-07-07T04:27:57.448Z	342006	research_2025_summer_distal_speech_rate/SIMULATIONS/PPC.ipynb	342006	3361	true	true
ok	Research/2025_Summer (Distal Speech Rate)/SIMULATIONS/Simulated PAC.ipynb	1olE87M6yhgiHgrq7-HjY-bA4SUimqh78	application/vnd.google.colaboratory	2025-07-03T15:05:03.580Z	314637	research_2025_summer_distal_speech_rate/SIMULATIONS/Simulated_PAC.ipynb	314637	12604	true	true
ok	Research/2025_Summer (Distal Speech Rate)/SIMULATIONS/Simulations/PAC.ipynb	1s6MG5tiguR2O8l30LNC0zzOxhvRvS7Ea	application/vnd.google.colaboratory	2025-06-30T06:41:50.443Z	135608	research_2025_summer_distal_speech_rate/SIMULATIONS/Simulations/PAC.ipynb	135608	9157	true	true
